,neighborhood,time,value,category
0,Allston,1950.0,4592.0,less than High School
1,Allston,1950.0,3848.0,High School or GED
2,Allston,1950.0,841.0,Some College or Associate's Degree
3,Allston,1950.0,1289.0,Bachelor's Degree or Higher
4,Allston,1960.0,4357.0,less than High School
5,Allston,1960.0,2667.0,High School or GED
6,Allston,1960.0,798.0,Some College or Associate's Degree
7,Allston,1960.0,1175.0,Bachelor's Degree or Higher
8,Allston,1970.0,2511.0,less than High School
9,Allston,1970.0,2117.0,High School or GED
10,Allston,1970.0,797.0,Some College or Associate's Degree
11,Allston,1970.0,1247.0,Bachelor's Degree or Higher
12,Allston,1980.0,1540.0,less than High School
13,Allston,1980.0,1942.0,High School or GED
14,Allston,1980.0,1325.0,Some College or Associate's Degree
15,Allston,1980.0,2680.0,Bachelor's Degree or Higher
16,Allston,1990.0,1688.0,less than High School
17,Allston,1990.0,1407.0,High School or GED
18,Allston,1990.0,1260.0,Some College or Associate's Degree
19,Allston,1990.0,5044.0,Bachelor's Degree or Higher
20,Allston,2000.0,1603.0,less than High School
21,Allston,2000.0,1503.0,High School or GED
22,Allston,2000.0,1128.0,Some College or Associate's Degree
23,Allston,2000.0,4716.0,Bachelor's Degree or Higher
24,Back Bay,1950.0,4735.0,less than High School
25,Back Bay,1950.0,4445.0,High School or GED
26,Back Bay,1950.0,2355.0,Some College or Associate's Degree
27,Back Bay,1950.0,2870.0,Bachelor's Degree or Higher
28,Back Bay,1960.0,3823.0,less than High School
29,Back Bay,1960.0,3049.0,High School or GED
30,Back Bay,1960.0,2236.0,Some College or Associate's Degree
31,Back Bay,1960.0,3450.0,Bachelor's Degree or Higher
32,Back Bay,1970.0,1649.0,less than High School
33,Back Bay,1970.0,2630.0,High School or GED
34,Back Bay,1970.0,1914.0,Some College or Associate's Degree
35,Back Bay,1970.0,3606.0,Bachelor's Degree or Higher
36,Back Bay,1980.0,831.0,less than High School
37,Back Bay,1980.0,1675.0,High School or GED
38,Back Bay,1980.0,2111.0,Some College or Associate's Degree
39,Back Bay,1980.0,7420.0,Bachelor's Degree or Higher
40,Back Bay,1990.0,407.0,less than High School
41,Back Bay,1990.0,751.0,High School or GED
42,Back Bay,1990.0,1788.0,Some College or Associate's Degree
43,Back Bay,1990.0,8698.0,Bachelor's Degree or Higher
44,Back Bay,2000.0,337.0,less than High School
45,Back Bay,2000.0,717.0,High School or GED
46,Back Bay,2000.0,1287.0,Some College or Associate's Degree
47,Back Bay,2000.0,10051.0,Bachelor's Degree or Higher
48,Beacon Hill,1950.0,3925.0,less than High School
49,Beacon Hill,1950.0,2787.0,High School or GED
50,Beacon Hill,1950.0,1278.0,Some College or Associate's Degree
51,Beacon Hill,1950.0,2010.0,Bachelor's Degree or Higher
52,Beacon Hill,1960.0,3049.0,less than High School
53,Beacon Hill,1960.0,1733.0,High School or GED
54,Beacon Hill,1960.0,1327.0,Some College or Associate's Degree
55,Beacon Hill,1960.0,2694.0,Bachelor's Degree or Higher
56,Beacon Hill,1970.0,1265.0,less than High School
57,Beacon Hill,1970.0,1465.0,High School or GED
58,Beacon Hill,1970.0,1154.0,Some College or Associate's Degree
59,Beacon Hill,1970.0,2965.0,Bachelor's Degree or Higher
60,Beacon Hill,1980.0,431.0,less than High School
61,Beacon Hill,1980.0,963.0,High School or GED
62,Beacon Hill,1980.0,1577.0,Some College or Associate's Degree
63,Beacon Hill,1980.0,4682.0,Bachelor's Degree or Higher
64,Beacon Hill,1990.0,248.0,less than High School
65,Beacon Hill,1990.0,403.0,High School or GED
66,Beacon Hill,1990.0,968.0,Some College or Associate's Degree
67,Beacon Hill,1990.0,5466.0,Bachelor's Degree or Higher
68,Beacon Hill,2000.0,226.0,less than High School
69,Beacon Hill,2000.0,405.0,High School or GED
70,Beacon Hill,2000.0,943.0,Some College or Associate's Degree
71,Beacon Hill,2000.0,5910.0,Bachelor's Degree or Higher
72,Brighton,1950.0,14115.0,less than High School
73,Brighton,1950.0,12510.0,High School or GED
74,Brighton,1950.0,3018.0,Some College or Associate's Degree
75,Brighton,1950.0,3540.0,Bachelor's Degree or Higher
76,Brighton,1960.0,13735.0,less than High School
77,Brighton,1960.0,11135.0,High School or GED
78,Brighton,1960.0,3771.0,Some College or Associate's Degree
79,Brighton,1960.0,3760.0,Bachelor's Degree or Higher
80,Brighton,1970.0,10290.0,less than High School
81,Brighton,1970.0,9989.0,High School or GED
82,Brighton,1970.0,3501.0,Some College or Associate's Degree
83,Brighton,1970.0,4935.0,Bachelor's Degree or Higher
84,Brighton,1980.0,6427.0,less than High School
85,Brighton,1980.0,9298.0,High School or GED
86,Brighton,1980.0,4374.0,Some College or Associate's Degree
87,Brighton,1980.0,9569.0,Bachelor's Degree or Higher
88,Brighton,1990.0,5283.0,less than High School
89,Brighton,1990.0,7104.0,High School or GED
90,Brighton,1990.0,5891.0,Some College or Associate's Degree
91,Brighton,1990.0,15651.0,Bachelor's Degree or Higher
92,Brighton,2000.0,4180.0,less than High School
93,Brighton,2000.0,5870.0,High School or GED
94,Brighton,2000.0,5252.0,Some College or Associate's Degree
95,Brighton,2000.0,18391.0,Bachelor's Degree or Higher
96,Charlestown,1950.0,10595.0,less than High School
97,Charlestown,1950.0,4490.0,High School or GED
98,Charlestown,1950.0,545.0,Some College or Associate's Degree
99,Charlestown,1950.0,375.0,Bachelor's Degree or Higher
100,Charlestown,1960.0,7238.0,less than High School
101,Charlestown,1960.0,3074.0,High School or GED
102,Charlestown,1960.0,289.0,Some College or Associate's Degree
103,Charlestown,1960.0,287.0,Bachelor's Degree or Higher
104,Charlestown,1970.0,4549.0,less than High School
105,Charlestown,1970.0,3036.0,High School or GED
106,Charlestown,1970.0,382.0,Some College or Associate's Degree
107,Charlestown,1970.0,324.0,Bachelor's Degree or Higher
108,Charlestown,1980.0,2999.0,less than High School
109,Charlestown,1980.0,3239.0,High School or GED
110,Charlestown,1980.0,846.0,Some College or Associate's Degree
111,Charlestown,1980.0,1230.0,Bachelor's Degree or Higher
112,Charlestown,1990.0,1751.0,less than High School
113,Charlestown,1990.0,2744.0,High School or GED
114,Charlestown,1990.0,1817.0,Some College or Associate's Degree
115,Charlestown,1990.0,4124.0,Bachelor's Degree or Higher
116,Charlestown,2000.0,1466.0,less than High School
117,Charlestown,2000.0,2341.0,High School or GED
118,Charlestown,2000.0,1767.0,Some College or Associate's Degree
119,Charlestown,2000.0,5820.0,Bachelor's Degree or Higher
120,Dorchester,1950.0,53699.0,less than High School
121,Dorchester,1950.0,33561.0,High School or GED
122,Dorchester,1950.0,6028.0,Some College or Associate's Degree
123,Dorchester,1950.0,5367.0,Bachelor's Degree or Higher
124,Dorchester,1960.0,49999.0,less than High School
125,Dorchester,1960.0,29829.0,High School or GED
126,Dorchester,1960.0,5340.0,Some College or Associate's Degree
127,Dorchester,1960.0,4106.0,Bachelor's Degree or Higher
128,Dorchester,1970.0,37321.0,less than High School
129,Dorchester,1970.0,27999.0,High School or GED
130,Dorchester,1970.0,5182.0,Some College or Associate's Degree
131,Dorchester,1970.0,3260.0,Bachelor's Degree or Higher
132,Dorchester,1980.0,22172.0,less than High School
133,Dorchester,1980.0,24510.0,High School or GED
134,Dorchester,1980.0,6956.0,Some College or Associate's Degree
135,Dorchester,1980.0,5448.0,Bachelor's Degree or Higher
136,Dorchester,1990.0,21011.0,less than High School
137,Dorchester,1990.0,22206.0,High School or GED
138,Dorchester,1990.0,13294.0,Some College or Associate's Degree
139,Dorchester,1990.0,10469.0,Bachelor's Degree or Higher
140,Dorchester,2000.0,20297.0,less than High School
141,Dorchester,2000.0,21891.0,High School or GED
142,Dorchester,2000.0,16152.0,Some College or Associate's Degree
143,Dorchester,2000.0,12352.0,Bachelor's Degree or Higher
144,Downtown/Chinatown,1950.0,3085.0,less than High School
145,Downtown/Chinatown,1950.0,670.0,High School or GED
146,Downtown/Chinatown,1950.0,253.0,Some College or Associate's Degree
147,Downtown/Chinatown,1950.0,272.0,Bachelor's Degree or Higher
148,Downtown/Chinatown,1960.0,2743.0,less than High School
149,Downtown/Chinatown,1960.0,506.0,High School or GED
150,Downtown/Chinatown,1960.0,329.0,Some College or Associate's Degree
151,Downtown/Chinatown,1960.0,392.0,Bachelor's Degree or Higher
152,Downtown/Chinatown,1970.0,985.0,less than High School
153,Downtown/Chinatown,1970.0,658.0,High School or GED
154,Downtown/Chinatown,1970.0,330.0,Some College or Associate's Degree
155,Downtown/Chinatown,1970.0,517.0,Bachelor's Degree or Higher
156,Downtown/Chinatown,1980.0,2102.0,less than High School
157,Downtown/Chinatown,1980.0,1230.0,High School or GED
158,Downtown/Chinatown,1980.0,815.0,Some College or Associate's Degree
159,Downtown/Chinatown,1980.0,2086.0,Bachelor's Degree or Higher
160,Downtown/Chinatown,1990.0,2139.0,less than High School
161,Downtown/Chinatown,1990.0,1144.0,High School or GED
162,Downtown/Chinatown,1990.0,1035.0,Some College or Associate's Degree
163,Downtown/Chinatown,1990.0,2643.0,Bachelor's Degree or Higher
164,Downtown/Chinatown,2000.0,2789.0,less than High School
165,Downtown/Chinatown,2000.0,1150.0,High School or GED
166,Downtown/Chinatown,2000.0,844.0,Some College or Associate's Degree
167,Downtown/Chinatown,2000.0,3450.0,Bachelor's Degree or Higher
168,East Boston,1950.0,20945.0,less than High School
169,East Boston,1950.0,5990.0,High School or GED
170,East Boston,1950.0,860.0,Some College or Associate's Degree
171,East Boston,1950.0,600.0,Bachelor's Degree or Higher
172,East Boston,1960.0,18378.0,less than High School
173,East Boston,1960.0,6108.0,High School or GED
174,East Boston,1960.0,732.0,Some College or Associate's Degree
175,East Boston,1960.0,553.0,Bachelor's Degree or Higher
176,East Boston,1970.0,14441.0,less than High School
177,East Boston,1970.0,6364.0,High School or GED
178,East Boston,1970.0,1040.0,Some College or Associate's Degree
179,East Boston,1970.0,575.0,Bachelor's Degree or Higher
180,East Boston,1980.0,10752.0,less than High School
181,East Boston,1980.0,7662.0,High School or GED
182,East Boston,1980.0,1408.0,Some College or Associate's Degree
183,East Boston,1980.0,1001.0,Bachelor's Degree or Higher
184,East Boston,1990.0,9055.0,less than High School
185,East Boston,1990.0,7755.0,High School or GED
186,East Boston,1990.0,3411.0,Some College or Associate's Degree
187,East Boston,1990.0,1992.0,Bachelor's Degree or Higher
188,East Boston,2000.0,10009.0,less than High School
189,East Boston,2000.0,8265.0,High School or GED
190,East Boston,2000.0,3954.0,Some College or Associate's Degree
191,East Boston,2000.0,2591.0,Bachelor's Degree or Higher
192,Fenway,1950.0,5814.0,less than High School
193,Fenway,1950.0,6272.0,High School or GED
194,Fenway,1950.0,2745.0,Some College or Associate's Degree
195,Fenway,1950.0,2620.0,Bachelor's Degree or Higher
196,Fenway,1960.0,5658.0,less than High School
197,Fenway,1960.0,3832.0,High School or GED
198,Fenway,1960.0,2289.0,Some College or Associate's Degree
199,Fenway,1960.0,3056.0,Bachelor's Degree or Higher
200,Fenway,1970.0,2759.0,less than High School
201,Fenway,1970.0,2919.0,High School or GED
202,Fenway,1970.0,1576.0,Some College or Associate's Degree
203,Fenway,1970.0,2327.0,Bachelor's Degree or Higher
204,Fenway,1980.0,1246.0,less than High School
205,Fenway,1980.0,1842.0,High School or GED
206,Fenway,1980.0,2000.0,Some College or Associate's Degree
207,Fenway,1980.0,4027.0,Bachelor's Degree or Higher
208,Fenway,1990.0,1102.0,less than High School
209,Fenway,1990.0,1332.0,High School or GED
210,Fenway,1990.0,2409.0,Some College or Associate's Degree
211,Fenway,1990.0,5874.0,Bachelor's Degree or Higher
212,Fenway,2000.0,938.0,less than High School
213,Fenway,2000.0,1094.0,High School or GED
214,Fenway,2000.0,1718.0,Some College or Associate's Degree
215,Fenway,2000.0,7410.0,Bachelor's Degree or Higher
216,Harbor Islands,1950.0,535.0,less than High School
217,Harbor Islands,1950.0,105.0,High School or GED
218,Harbor Islands,1950.0,60.0,Some College or Associate's Degree
219,Harbor Islands,1950.0,10.0,Bachelor's Degree or Higher
220,Harbor Islands,1960.0,1038.0,less than High School
221,Harbor Islands,1960.0,399.0,High School or GED
222,Harbor Islands,1960.0,71.0,Some College or Associate's Degree
223,Harbor Islands,1960.0,36.0,Bachelor's Degree or Higher
224,Harbor Islands,1970.0,782.0,less than High School
225,Harbor Islands,1970.0,85.0,High School or GED
226,Harbor Islands,1970.0,38.0,Some College or Associate's Degree
227,Harbor Islands,1970.0,27.0,Bachelor's Degree or Higher
228,Harbor Islands,1980.0,59.0,less than High School
229,Harbor Islands,1980.0,107.0,High School or GED
230,Harbor Islands,1980.0,22.0,Some College or Associate's Degree
231,Harbor Islands,1980.0,161.0,Bachelor's Degree or Higher
232,Harbor Islands,1990.0,623.0,less than High School
233,Harbor Islands,1990.0,232.0,High School or GED
234,Harbor Islands,1990.0,83.0,Some College or Associate's Degree
235,Harbor Islands,1990.0,27.0,Bachelor's Degree or Higher
236,Harbor Islands,2000.0,285.0,less than High School
237,Harbor Islands,2000.0,168.0,High School or GED
238,Harbor Islands,2000.0,133.0,Some College or Associate's Degree
239,Harbor Islands,2000.0,40.0,Bachelor's Degree or Higher
240,Hyde Park,1950.0,8227.0,less than High School
241,Hyde Park,1950.0,4952.0,High School or GED
242,Hyde Park,1950.0,1196.0,Some College or Associate's Degree
243,Hyde Park,1950.0,869.0,Bachelor's Degree or Higher
244,Hyde Park,1960.0,8209.0,less than High School
245,Hyde Park,1960.0,6300.0,High School or GED
246,Hyde Park,1960.0,1323.0,Some College or Associate's Degree
247,Hyde Park,1960.0,896.0,Bachelor's Degree or Higher
248,Hyde Park,1970.0,7919.0,less than High School
249,Hyde Park,1970.0,8848.0,High School or GED
250,Hyde Park,1970.0,1780.0,Some College or Associate's Degree
251,Hyde Park,1970.0,1494.0,Bachelor's Degree or Higher
252,Hyde Park,1980.0,5723.0,less than High School
253,Hyde Park,1980.0,8369.0,High School or GED
254,Hyde Park,1980.0,2538.0,Some College or Associate's Degree
255,Hyde Park,1980.0,2112.0,Bachelor's Degree or Higher
256,Hyde Park,1990.0,4273.0,less than High School
257,Hyde Park,1990.0,7515.0,High School or GED
258,Hyde Park,1990.0,4706.0,Some College or Associate's Degree
259,Hyde Park,1990.0,3907.0,Bachelor's Degree or Higher
260,Hyde Park,2000.0,4105.0,less than High School
261,Hyde Park,2000.0,6828.0,High School or GED
262,Hyde Park,2000.0,5736.0,Some College or Associate's Degree
263,Hyde Park,2000.0,4273.0,Bachelor's Degree or Higher
264,Jamaica Plain,1950.0,15427.0,less than High School
265,Jamaica Plain,1950.0,9928.0,High School or GED
266,Jamaica Plain,1950.0,1835.0,Some College or Associate's Degree
267,Jamaica Plain,1950.0,2068.0,Bachelor's Degree or Higher
268,Jamaica Plain,1960.0,17545.0,less than High School
269,Jamaica Plain,1960.0,8977.0,High School or GED
270,Jamaica Plain,1960.0,2530.0,Some College or Associate's Degree
271,Jamaica Plain,1960.0,2213.0,Bachelor's Degree or Higher
272,Jamaica Plain,1970.0,13333.0,less than High School
273,Jamaica Plain,1970.0,8309.0,High School or GED
274,Jamaica Plain,1970.0,2148.0,Some College or Associate's Degree
275,Jamaica Plain,1970.0,2592.0,Bachelor's Degree or Higher
276,Jamaica Plain,1980.0,7530.0,less than High School
277,Jamaica Plain,1980.0,6943.0,High School or GED
278,Jamaica Plain,1980.0,2673.0,Some College or Associate's Degree
279,Jamaica Plain,1980.0,5193.0,Bachelor's Degree or Higher
280,Jamaica Plain,1990.0,6007.0,less than High School
281,Jamaica Plain,1990.0,5093.0,High School or GED
282,Jamaica Plain,1990.0,4559.0,Some College or Associate's Degree
283,Jamaica Plain,1990.0,9327.0,Bachelor's Degree or Higher
284,Jamaica Plain,2000.0,4568.0,less than High School
285,Jamaica Plain,2000.0,4395.0,High School or GED
286,Jamaica Plain,2000.0,4668.0,Some College or Associate's Degree
287,Jamaica Plain,2000.0,11137.0,Bachelor's Degree or Higher
288,Longwood Medical Area,1950.0,535.0,less than High School
289,Longwood Medical Area,1950.0,417.0,High School or GED
290,Longwood Medical Area,1950.0,173.0,Some College or Associate's Degree
291,Longwood Medical Area,1950.0,343.0,Bachelor's Degree or Higher
292,Longwood Medical Area,1960.0,725.0,less than High School
293,Longwood Medical Area,1960.0,392.0,High School or GED
294,Longwood Medical Area,1960.0,197.0,Some College or Associate's Degree
295,Longwood Medical Area,1960.0,194.0,Bachelor's Degree or Higher
296,Longwood Medical Area,1970.0,269.0,less than High School
297,Longwood Medical Area,1970.0,177.0,High School or GED
298,Longwood Medical Area,1970.0,179.0,Some College or Associate's Degree
299,Longwood Medical Area,1970.0,259.0,Bachelor's Degree or Higher
300,Longwood Medical Area,1980.0,161.0,less than High School
301,Longwood Medical Area,1980.0,154.0,High School or GED
302,Longwood Medical Area,1980.0,95.0,Some College or Associate's Degree
303,Longwood Medical Area,1980.0,136.0,Bachelor's Degree or Higher
304,Longwood Medical Area,1990.0,188.0,less than High School
305,Longwood Medical Area,1990.0,166.0,High School or GED
306,Longwood Medical Area,1990.0,141.0,Some College or Associate's Degree
307,Longwood Medical Area,1990.0,178.0,Bachelor's Degree or Higher
308,Longwood Medical Area,2000.0,201.0,less than High School
309,Longwood Medical Area,2000.0,140.0,High School or GED
310,Longwood Medical Area,2000.0,85.0,Some College or Associate's Degree
311,Longwood Medical Area,2000.0,228.0,Bachelor's Degree or Higher
312,Mattapan,1950.0,7226.0,less than High School
313,Mattapan,1950.0,5140.0,High School or GED
314,Mattapan,1950.0,1583.0,Some College or Associate's Degree
315,Mattapan,1950.0,569.0,Bachelor's Degree or Higher
316,Mattapan,1960.0,7104.0,less than High School
317,Mattapan,1960.0,5967.0,High School or GED
318,Mattapan,1960.0,1286.0,Some College or Associate's Degree
319,Mattapan,1960.0,1023.0,Bachelor's Degree or Higher
320,Mattapan,1970.0,6630.0,less than High School
321,Mattapan,1970.0,6453.0,High School or GED
322,Mattapan,1970.0,1354.0,Some College or Associate's Degree
323,Mattapan,1970.0,1092.0,Bachelor's Degree or Higher
324,Mattapan,1980.0,3505.0,less than High School
325,Mattapan,1980.0,5905.0,High School or GED
326,Mattapan,1980.0,2066.0,Some College or Associate's Degree
327,Mattapan,1980.0,1331.0,Bachelor's Degree or Higher
328,Mattapan,1990.0,3848.0,less than High School
329,Mattapan,1990.0,4720.0,High School or GED
330,Mattapan,1990.0,4149.0,Some College or Associate's Degree
331,Mattapan,1990.0,2071.0,Bachelor's Degree or Higher
332,Mattapan,2000.0,3478.0,less than High School
333,Mattapan,2000.0,4567.0,High School or GED
334,Mattapan,2000.0,4212.0,Some College or Associate's Degree
335,Mattapan,2000.0,2506.0,Bachelor's Degree or Higher
336,Mission Hill,1950.0,7175.0,less than High School
337,Mission Hill,1950.0,3880.0,High School or GED
338,Mission Hill,1950.0,805.0,Some College or Associate's Degree
339,Mission Hill,1950.0,846.0,Bachelor's Degree or Higher
340,Mission Hill,1960.0,6029.0,less than High School
341,Mission Hill,1960.0,2905.0,High School or GED
342,Mission Hill,1960.0,940.0,Some College or Associate's Degree
343,Mission Hill,1960.0,857.0,Bachelor's Degree or Higher
344,Mission Hill,1970.0,3661.0,less than High School
345,Mission Hill,1970.0,2242.0,High School or GED
346,Mission Hill,1970.0,825.0,Some College or Associate's Degree
347,Mission Hill,1970.0,1396.0,Bachelor's Degree or Higher
348,Mission Hill,1980.0,2225.0,less than High School
349,Mission Hill,1980.0,2241.0,High School or GED
350,Mission Hill,1980.0,1295.0,Some College or Associate's Degree
351,Mission Hill,1980.0,1520.0,Bachelor's Degree or Higher
352,Mission Hill,1990.0,2676.0,less than High School
353,Mission Hill,1990.0,2219.0,High School or GED
354,Mission Hill,1990.0,1745.0,Some College or Associate's Degree
355,Mission Hill,1990.0,2563.0,Bachelor's Degree or Higher
356,Mission Hill,2000.0,1940.0,less than High School
357,Mission Hill,2000.0,1616.0,High School or GED
358,Mission Hill,2000.0,1571.0,Some College or Associate's Degree
359,Mission Hill,2000.0,3453.0,Bachelor's Degree or Higher
360,North End,1950.0,7870.0,less than High School
361,North End,1950.0,1097.0,High School or GED
362,North End,1950.0,167.0,Some College or Associate's Degree
363,North End,1950.0,207.0,Bachelor's Degree or Higher
364,North End,1960.0,6482.0,less than High School
365,North End,1960.0,1294.0,High School or GED
366,North End,1960.0,208.0,Some College or Associate's Degree
367,North End,1960.0,222.0,Bachelor's Degree or Higher
368,North End,1970.0,5029.0,less than High School
369,North End,1970.0,1126.0,High School or GED
370,North End,1970.0,253.0,Some College or Associate's Degree
371,North End,1970.0,271.0,Bachelor's Degree or Higher
372,North End,1980.0,2699.0,less than High School
373,North End,1980.0,1448.0,High School or GED
374,North End,1980.0,475.0,Some College or Associate's Degree
375,North End,1980.0,1313.0,Bachelor's Degree or Higher
376,North End,1990.0,1627.0,less than High School
377,North End,1990.0,1104.0,High School or GED
378,North End,1990.0,1072.0,Some College or Associate's Degree
379,North End,1990.0,2420.0,Bachelor's Degree or Higher
380,North End,2000.0,783.0,less than High School
381,North End,2000.0,882.0,High School or GED
382,North End,2000.0,880.0,Some College or Associate's Degree
383,North End,2000.0,4092.0,Bachelor's Degree or Higher
384,Roslindale,1950.0,8638.0,less than High School
385,Roslindale,1950.0,6707.0,High School or GED
386,Roslindale,1950.0,1479.0,Some College or Associate's Degree
387,Roslindale,1950.0,1257.0,Bachelor's Degree or Higher
388,Roslindale,1960.0,8259.0,less than High School
389,Roslindale,1960.0,6461.0,High School or GED
390,Roslindale,1960.0,1727.0,Some College or Associate's Degree
391,Roslindale,1960.0,1276.0,Bachelor's Degree or Higher
392,Roslindale,1970.0,7656.0,less than High School
393,Roslindale,1970.0,7863.0,High School or GED
394,Roslindale,1970.0,1607.0,Some College or Associate's Degree
395,Roslindale,1970.0,1566.0,Bachelor's Degree or Higher
396,Roslindale,1980.0,5389.0,less than High School
397,Roslindale,1980.0,7553.0,High School or GED
398,Roslindale,1980.0,2100.0,Some College or Associate's Degree
399,Roslindale,1980.0,2373.0,Bachelor's Degree or Higher
400,Roslindale,1990.0,3850.0,less than High School
401,Roslindale,1990.0,6071.0,High School or GED
402,Roslindale,1990.0,4059.0,Some College or Associate's Degree
403,Roslindale,1990.0,4817.0,Bachelor's Degree or Higher
404,Roslindale,2000.0,3523.0,less than High School
405,Roslindale,2000.0,5277.0,High School or GED
406,Roslindale,2000.0,4393.0,Some College or Associate's Degree
407,Roslindale,2000.0,6422.0,Bachelor's Degree or Higher
408,Roxbury,1950.0,36634.0,less than High School
409,Roxbury,1950.0,15353.0,High School or GED
410,Roxbury,1950.0,2708.0,Some College or Associate's Degree
411,Roxbury,1950.0,2184.0,Bachelor's Degree or Higher
412,Roxbury,1960.0,27603.0,less than High School
413,Roxbury,1960.0,9621.0,High School or GED
414,Roxbury,1960.0,2205.0,Some College or Associate's Degree
415,Roxbury,1960.0,1603.0,Bachelor's Degree or Higher
416,Roxbury,1970.0,14587.0,less than High School
417,Roxbury,1970.0,7876.0,High School or GED
418,Roxbury,1970.0,1710.0,Some College or Associate's Degree
419,Roxbury,1970.0,995.0,Bachelor's Degree or Higher
420,Roxbury,1980.0,10487.0,less than High School
421,Roxbury,1980.0,8236.0,High School or GED
422,Roxbury,1980.0,2592.0,Some College or Associate's Degree
423,Roxbury,1980.0,1871.0,Bachelor's Degree or Higher
424,Roxbury,1990.0,10287.0,less than High School
425,Roxbury,1990.0,7164.0,High School or GED
426,Roxbury,1990.0,4950.0,Some College or Associate's Degree
427,Roxbury,1990.0,2765.0,Bachelor's Degree or Higher
428,Roxbury,2000.0,7889.0,less than High School
429,Roxbury,2000.0,7954.0,High School or GED
430,Roxbury,2000.0,5617.0,Some College or Associate's Degree
431,Roxbury,2000.0,3213.0,Bachelor's Degree or Higher
432,South Boston Waterfront,1950.0,920.0,less than High School
433,South Boston Waterfront,1950.0,272.0,High School or GED
434,South Boston Waterfront,1950.0,11.0,Some College or Associate's Degree
435,South Boston Waterfront,1950.0,16.0,Bachelor's Degree or Higher
436,South Boston Waterfront,1960.0,1038.0,less than High School
437,South Boston Waterfront,1960.0,466.0,High School or GED
438,South Boston Waterfront,1960.0,87.0,Some College or Associate's Degree
439,South Boston Waterfront,1960.0,85.0,Bachelor's Degree or Higher
440,South Boston Waterfront,1970.0,393.0,less than High School
441,South Boston Waterfront,1970.0,141.0,High School or GED
442,South Boston Waterfront,1970.0,11.0,Some College or Associate's Degree
443,South Boston Waterfront,1970.0,28.0,Bachelor's Degree or Higher
444,South Boston Waterfront,1980.0,180.0,less than High School
445,South Boston Waterfront,1980.0,153.0,High School or GED
446,South Boston Waterfront,1980.0,30.0,Some College or Associate's Degree
447,South Boston Waterfront,1980.0,6.0,Bachelor's Degree or Higher
448,South Boston Waterfront,1990.0,138.0,less than High School
449,South Boston Waterfront,1990.0,178.0,High School or GED
450,South Boston Waterfront,1990.0,217.0,Some College or Associate's Degree
451,South Boston Waterfront,1990.0,250.0,Bachelor's Degree or Higher
452,South Boston Waterfront,2000.0,153.0,less than High School
453,South Boston Waterfront,2000.0,213.0,High School or GED
454,South Boston Waterfront,2000.0,190.0,Some College or Associate's Degree
455,South Boston Waterfront,2000.0,431.0,Bachelor's Degree or Higher
456,South Boston,1950.0,18154.0,less than High School
457,South Boston,1950.0,8295.0,High School or GED
458,South Boston,1950.0,1447.0,Some College or Associate's Degree
459,South Boston,1950.0,974.0,Bachelor's Degree or Higher
460,South Boston,1960.0,15232.0,less than High School
461,South Boston,1960.0,7321.0,High School or GED
462,South Boston,1960.0,916.0,Some College or Associate's Degree
463,South Boston,1960.0,719.0,Bachelor's Degree or Higher
464,South Boston,1970.0,12063.0,less than High School
465,South Boston,1970.0,7372.0,High School or GED
466,South Boston,1970.0,955.0,Some College or Associate's Degree
467,South Boston,1970.0,972.0,Bachelor's Degree or Higher
468,South Boston,1980.0,7264.0,less than High School
469,South Boston,1980.0,8695.0,High School or GED
470,South Boston,1980.0,1701.0,Some College or Associate's Degree
471,South Boston,1980.0,1342.0,Bachelor's Degree or Higher
472,South Boston,1990.0,5043.0,less than High School
473,South Boston,1990.0,8205.0,High School or GED
474,South Boston,1990.0,3740.0,Some College or Associate's Degree
475,South Boston,1990.0,3144.0,Bachelor's Degree or Higher
476,South Boston,2000.0,3948.0,less than High School
477,South Boston,2000.0,6836.0,High School or GED
478,South Boston,2000.0,4312.0,Some College or Associate's Degree
479,South Boston,2000.0,5719.0,Bachelor's Degree or Higher
480,South End,1950.0,24591.0,less than High School
481,South End,1950.0,6270.0,High School or GED
482,South End,1950.0,1522.0,Some College or Associate's Degree
483,South End,1950.0,1371.0,Bachelor's Degree or Higher
484,South End,1960.0,16344.0,less than High School
485,South End,1960.0,3934.0,High School or GED
486,South End,1960.0,1185.0,Some College or Associate's Degree
487,South End,1960.0,963.0,Bachelor's Degree or Higher
488,South End,1970.0,8062.0,less than High School
489,South End,1970.0,3376.0,High School or GED
490,South End,1970.0,1130.0,Some College or Associate's Degree
491,South End,1970.0,1717.0,Bachelor's Degree or Higher
492,South End,1980.0,5648.0,less than High School
493,South End,1980.0,3824.0,High School or GED
494,South End,1980.0,2229.0,Some College or Associate's Degree
495,South End,1980.0,4890.0,Bachelor's Degree or Higher
496,South End,1990.0,4388.0,less than High School
497,South End,1990.0,2446.0,High School or GED
498,South End,1990.0,3369.0,Some College or Associate's Degree
499,South End,1990.0,8258.0,Bachelor's Degree or Higher
500,South End,2000.0,3778.0,less than High School
501,South End,2000.0,2866.0,High School or GED
502,South End,2000.0,2960.0,Some College or Associate's Degree
503,South End,2000.0,10697.0,Bachelor's Degree or Higher
504,West End,1950.0,5369.0,less than High School
505,West End,1950.0,1361.0,High School or GED
506,West End,1950.0,378.0,Some College or Associate's Degree
507,West End,1950.0,361.0,Bachelor's Degree or Higher
508,West End,1960.0,848.0,less than High School
509,West End,1960.0,232.0,High School or GED
510,West End,1960.0,75.0,Some College or Associate's Degree
511,West End,1960.0,115.0,Bachelor's Degree or Higher
512,West End,1970.0,596.0,less than High School
513,West End,1970.0,509.0,High School or GED
514,West End,1970.0,318.0,Some College or Associate's Degree
515,West End,1970.0,882.0,Bachelor's Degree or Higher
516,West End,1980.0,351.0,less than High School
517,West End,1980.0,637.0,High School or GED
518,West End,1980.0,654.0,Some College or Associate's Degree
519,West End,1980.0,1749.0,Bachelor's Degree or Higher
520,West End,1990.0,361.0,less than High School
521,West End,1990.0,307.0,High School or GED
522,West End,1990.0,491.0,Some College or Associate's Degree
523,West End,1990.0,1881.0,Bachelor's Degree or Higher
524,West End,2000.0,420.0,less than High School
525,West End,2000.0,485.0,High School or GED
526,West End,2000.0,606.0,Some College or Associate's Degree
527,West End,2000.0,2386.0,Bachelor's Degree or Higher
528,West Roxbury,1950.0,6754.0,less than High School
529,West Roxbury,1950.0,6190.0,High School or GED
530,West Roxbury,1950.0,1683.0,Some College or Associate's Degree
531,West Roxbury,1950.0,2117.0,Bachelor's Degree or Higher
532,West Roxbury,1960.0,7054.0,less than High School
533,West Roxbury,1960.0,6781.0,High School or GED
534,West Roxbury,1960.0,2298.0,Some College or Associate's Degree
535,West Roxbury,1960.0,2326.0,Bachelor's Degree or Higher
536,West Roxbury,1970.0,6343.0,less than High School
537,West Roxbury,1970.0,8796.0,High School or GED
538,West Roxbury,1970.0,2692.0,Some College or Associate's Degree
539,West Roxbury,1970.0,3198.0,Bachelor's Degree or Higher
540,West Roxbury,1980.0,4538.0,less than High School
541,West Roxbury,1980.0,8968.0,High School or GED
542,West Roxbury,1980.0,3490.0,Some College or Associate's Degree
543,West Roxbury,1980.0,4863.0,Bachelor's Degree or Higher
544,West Roxbury,1990.0,2864.0,less than High School
545,West Roxbury,1990.0,6839.0,High School or GED
546,West Roxbury,1990.0,4564.0,Some College or Associate's Degree
547,West Roxbury,1990.0,8106.0,Bachelor's Degree or Higher
548,West Roxbury,2000.0,2713.0,less than High School
549,West Roxbury,2000.0,5105.0,High School or GED
550,West Roxbury,2000.0,4717.0,Some College or Associate's Degree
551,West Roxbury,2000.0,8964.0,Bachelor's Degree or Higher
